Wall time,Step,Value,Value
1702150983,145,-1007.304443,36.25
1702150985,271,-995.2272949,33.875
1702150987,535,-995.2015381,33.4375
1702150989,667,-997.7276001,33.34999847
1702150990,796,-999.3979492,33.16666794
1702150991,923,-1000.618042,32.9642868
1702150993,1050,-992.0770874,32.8125
1702150995,1180,-988.2012329,32.77777863
1702150996,1307,-990.1246338,32.67499924
1702150998,1442,-991.8148193,32.77272797
1702151000,1562,-993.0921631,32.54166794
1702151001,1689,-994.2477417,32.48077011
1702151003,1825,-995.2349243,32.5892868
1702151006,1966,-991.0968628,32.76666641
1702151008,2100,-990.5163574,32.8125
1702151011,2272,-991.5716553,33.41176605
1702151013,2407,-991.0219727,33.43055725
1702151015,2539,-991.9262085,33.40789413
1702151018,2673,-991.4280396,33.41249847
1702151020,2805,-988.6295776,33.3928566
1702151022,2927,-989.4453735,33.26136398
1702151024,3057,-989.1472778,33.22826004
1702151026,3189,-988.8389282,33.21875
1702151029,3315,-988.5631104,33.15000153
1702151031,3447,-988.5934448,33.02000046
1702151033,3584,-989.5858765,33.13000107
1702151036,3763,-989.6286621,33.63000107
1702151042,4060,-988.6681519,33.93000031
1702151044,4186,-987.6998901,33.90000153
1702151046,4312,-987.6671753,33.88999939
1702151049,4436,-989.7162476,33.86000061
1702151051,4561,-991.753479,33.81000137
1702151053,4683,-991.7872925,33.75999832
1702151058,4942,-989.7711182,33.79999924
1702151060,5061,-989.7923584,33.72000122
1702151063,5190,-987.7581787,33.65000153
1702151065,5318,-989.7353516,33.52000046
1702151067,5436,-990.7868042,33.36000061
1702151071,5687,-990.828064,32.79999924
1702151073,5812,-990.8413696,32.72999954
1702151075,5937,-991.8650513,32.63999939
1702151077,6062,-993.8751221,32.56999969
1702151080,6193,-993.8863525,32.65999985
1702151082,6321,-993.8835449,32.63999939
1702151084,6444,-993.9338989,32.54999924
1702151087,6577,-994.9665527,32.61999893
1702151089,6699,-994.9715576,32.52000046
1702151092,6826,-993.9317627,32.41999817
1702151094,6946,-994.9349365,31.82999992
1702151097,7074,-994.848999,31.42000008
1702151099,7195,-994.8812866,31.35000038
1702151101,7318,-995.8511963,31.31999969
1702151104,7453,-995.8852539,31.40999985
1702151106,7576,-996.888855,31.39999962
1702151112,7850,-993.8603516,31.67000008
1702151116,8001,-994.9023438,31.85000038
1702151121,8145,-995.942688,32.02999878
1702151125,8299,-995.8826904,32.38000107
1702151131,8538,-996.9047852,33.47999954
1702151135,8698,-995.9467773,33.79999924
1702151142,8939,-993.086792,35.02999878
1702151147,9131,-994.192688,35.68999863
1702151152,9334,-992.2362671,36.47000122
1702151158,9539,-991.3060303,37.27000046
1702151166,9833,-990.6036987,38.95999908
1702151178,10295,-989.9580688,41.02000046
1702151185,10525,-988.0842896,42.04000092
1702151194,10853,-988.1119995,44.09000015
1702151198,11010,-987.111084,44.33000183
1702151203,11216,-986.1317139,45.16999817
1702151209,11436,-986.2468872,46.09999847
1702151216,11706,-985.4655762,47.59999847
1702151222,11891,-983.5158691,48.16999817
1702151228,12101,-984.6682129,49.06000137
1702151233,12280,-983.7323608,49.61999893
1702151239,12545,-982.8406372,50.91999817
1702151246,12790,-981.8643799,52.13999939
1702151259,13271,-984.1221924,54.20999908
1702151266,13541,-983.1126709,55.40000153
1702151273,13816,-981.1451416,56.70999908
1702151282,14098,-981.2103882,57.99000168
1702151289,14404,-980.2828369,58.65999985
1702151300,14811,-982.3565063,61.13000107
1702151306,15046,-983.3027954,61.06999969
1702151311,15310,-982.2850952,61.79000092
1702151322,15690,-984.4056396,63.56000137
1702151334,16260,-983.621521,67.20999908
1702151352,16991,-961.7884521,71.58000183
1702151372,17673,-951.7593994,76.05000305
1702151384,18225,-953.0330811,79.30000305
1702151402,19057,-935.109375,85.31999969
1702151450,20971,-879.9743652,99.61000061
1702151471,21820,-852.2064819,106.0400009
1702151493,22780,-813.7761841,113.4400024
1702151515,23740,-773.5456543,120.3399963
1702151536,24700,-733.8717651,128.0899963
1702151558,25660,-693.6627197,135.5899963
1702151580,26620,-648.7416992,143.3999939
1702151602,27580,-609.3408813,150.3500061
1702151623,28540,-570.100647,157.5
1702151645,29500,-528.1853027,164.4100037
1702151666,30460,-488.798584,171.8899994
1702151688,31420,-449.8522034,178.7899933
1702151709,32349,-421.8491211,185.3300018
1702151730,33309,-379.9416504,192.1100006
1702151751,34246,-341.4185791,198.4199982
1702151772,35206,-296.4899902,203.9499969
1702151794,36166,-258.8693848,211.1999969
1702151815,37126,-213.1412659,218.1600037
1702151837,38086,-174.1116791,223.9600067
1702151858,39046,-128.1438751,227.8600006
1702151877,39911,-118.7513962,229.1999969
1702151896,40757,-109.9759903,230.8399963
1702151917,41536,-88.7923584,233.1100006
1702151924,41878,-110.1254578,228.2100067
1702151941,42769,-104.7402954,227.5200043
1702151963,43729,-93.02237701,227.5800018
1702151985,44681,-90.90888214,228.6100006
1702152006,45641,-87.43824005,228.6100006
1702152028,46601,-81.78149414,228.6100006
1702152072,48521,-73.06946564,228.6100006
1702152093,49481,-73.90483093,228.6100006
1702152115,50437,-80.557724,228.5700073
1702152159,52357,-71.2706604,228.5700073
1702152180,53317,-66.80924225,228.5700073
1702152224,55237,-47.81046295,228.8800049
1702152246,56197,-36.76235199,228.8800049
1702152267,57157,-33.06004333,229.1100006
1702152289,58117,-31.305933,229.1100006
1702152311,59077,-22.94514275,229.1100006
1702152333,60037,-19.50531769,229.1100006
1702152355,60997,-11.56766033,229.1100006
1702152377,61957,-9.876342773,229.1100006
1702152399,62917,10.68606281,230.0599976
1702152421,63877,43.92882156,231.1999969
1702152443,64837,74.93868256,233.0099945
1702152489,66757,145.517334,239.8800049
1702152512,67717,162.045517,239.8800049
1702152534,68677,183.0298462,239.9600067
1702152556,69637,192.865448,239.9600067
1702152601,71557,211.6322937,239.9600067
1702152623,72517,219.7039185,239.9600067
1702152646,73477,223.5068817,239.9600067
1702152669,74437,245.5454865,240
1702152693,75397,255.3365479,240
1702152715,76357,270.5753174,240
1702152737,77317,284.5298767,240
1702152759,78277,298.1302795,240
1702152782,79237,316.2063904,240
1702152804,80197,319.7869873,240
1702152849,82117,346.5365906,240
1702152871,83077,363.2472229,240
1702152893,84037,369.5623779,240
1702152916,84997,386.6363831,240
1702152938,85957,399.0064087,240
1702152960,86917,408.2330322,240
1702153005,88837,413.9627686,240
1702153027,89797,422.8146973,240
1702153050,90757,423.2814636,240
1702153094,92677,426.7149963,240
1702153116,93637,430.7361145,240
1702153138,94597,439.0604553,240
1702153160,95557,450.0133362,240
1702153204,97477,463.4518127,240
1702153227,98437,478.4529114,240
1702153249,99397,494.4746704,240
1702153271,100357,494.4462585,240
1702153294,101317,496.2002258,240
1702153316,102277,502.2090149,240
1702153338,103237,509.1549988,240
1702153360,104197,517.4022217,240
1702153383,105157,521.3651123,240
1702153406,106117,527.1934204,240
1702153429,107077,535.4078369,240
1702153451,108037,541.2232056,240
1702153517,110832,542.0698242,239.1499939
1702153608,114672,591.1567993,239.1499939
1702153628,115632,602.1669312,239.1499939
1702153647,116592,614.3421021,239.1499939
1702153665,117552,626.4016113,239.1499939
1702153680,118456,609.4885864,238.5899963
1702153695,119386,602.1559448,238.2899933
1702153726,121280,602.8504639,238.0299988
1702153742,122240,601.7876587,238.0299988
1702153757,123200,592.8554688,238.0299988
1702153773,124160,598.0951538,238.0299988
1702153788,125120,596.1350708,238.0299988
1702153819,127040,590.0073242,238.0299988
1702153835,128000,584.7890625,238.0299988
1702153850,128960,587.9361572,238.0299988
1702153866,129920,591.1360474,238.0299988
1702153882,130880,590.1820679,238.0299988
1702153898,131840,591.6124268,238.0299988
1702153915,132800,585.6299438,238.0299988
1702153931,133760,604.069519,238.8800049
1702153947,134720,600.6099243,238.8800049
1702153963,135680,605.862793,238.8800049
1702153978,136640,613.8313599,238.8800049
1702153994,137600,615.7124634,238.8800049
1702154009,138560,621.8823853,238.8800049
1702154041,140480,627.8930664,238.8800049
1702154056,141440,630.9085083,238.8800049
1702154072,142400,654.0418701,239.4400024
1702154103,144320,668.394165,239.7400055
1702154118,145280,689.0307617,240
1702154134,146240,691.2253418,240
1702154150,147200,696.0775146,240
1702154165,148160,705.1062622,240
1702154181,149120,717.2995605,240
1702154197,150080,719.3491211,240
1702154228,152000,744.5532227,240
1702154244,152960,744.5674438,240
1702154259,153920,750.5888062,240
1702154275,154880,752.5133667,240
1702154291,155840,753.4572144,240
1702154307,156800,757.423645,240
1702154322,157760,756.2905884,240
1702154338,158720,761.3138428,240
1702154354,159680,768.2236938,240
1702154370,160640,764.2979126,240
1702154385,161600,767.3644409,240
1702154401,162560,767.3706055,240
1702154417,163520,773.4104614,240
1702154433,164480,771.581665,240
1702154448,165440,770.4766235,240
1702154464,166400,771.3058472,240
1702154480,167360,769.3817139,240
1702154496,168320,769.5176392,240
1702154512,169280,770.5828247,240
1702154528,170240,771.6258545,240
1702154560,172160,764.4265137,240
1702154576,173120,764.4622192,240
1702154594,174080,771.536377,240
1702154611,175040,763.3538818,240
1702154646,176960,764.2709351,240
1702154664,177920,762.2271729,240
1702154682,178880,758.1043701,240
1702154717,180800,767.2166748,240
1702154735,181760,768.418457,240
1702154752,182720,774.5175781,240
1702154788,184640,762.1889038,240
1702154805,185600,759.242981,240
1702154823,186560,762.4238892,240
1702154840,187520,758.4304199,240
1702154858,188480,758.2037354,240
1702154875,189440,759.1826782,240
1702154893,190400,765.2775879,240
1702154911,191360,774.4225464,240
1702154928,192320,779.3369141,240
1702154946,193280,779.2657471,240
1702154963,194240,783.3894043,240
1702154981,195200,789.4391479,240
1702154998,196160,794.465332,240
1702155016,197120,798.4421997,240
1702155033,198080,801.3967285,240
1702155068,200000,816.3046875,240
1702155104,201920,828.3335571,240
1702155139,203840,835.3835449,240
1702155156,204800,839.5280151,240
1702155174,205760,844.4419556,240
1702155192,206720,839.3272705,240
1702155209,207680,847.6352539,240
1702155227,208640,853.6663818,240
1702155244,209600,860.5717163,240
1702155262,210560,851.2712402,240
1702155280,211520,857.2816772,240
1702155297,212480,862.4214478,240
1702155315,213440,860.402771,240
1702155332,214400,862.4281006,240
1702155350,215360,860.3155518,240
1702155368,216320,862.1229248,240
1702155421,219200,859.5454712,240
1702155438,220160,868.8487549,240
1702155456,221120,876.0641479,240
1702155473,222080,874.1029663,240
1702155491,223040,874.295105,240
1702155527,224960,878.4520874,240
1702155544,225920,871.2514038,240
1702155562,226880,875.1494751,240
1702155579,227840,876.2431641,240
1702155597,228800,878.2128296,240
1702155615,229760,885.1970215,240
1702155632,230720,892.1741943,240
1702155650,231680,891.0654907,240
1702155668,232640,894.3021851,240
1702155685,233600,894.4043579,240
1702155703,234560,899.5111084,240
1702155721,235520,900.4324341,240
1702155738,236480,902.3864136,240
1702155756,237440,912.5698853,240
1702155774,238400,908.4234619,240
1702155792,239360,906.3491821,240
1702155809,240320,901.3203125,240
1702155827,241280,906.5327759,240
1702155845,242240,903.657959,240
1702155880,244160,906.8494263,240
1702155915,246080,905.6586914,240
1702155933,247040,900.453125,240
1702155951,248000,895.4172974,240
1702155969,248960,905.4480591,240
1702155987,249920,907.4816895,240
1702156004,250880,905.4036255,240
1702156022,251840,906.4649048,240
1702156040,252800,908.4405518,240
1702156058,253760,907.5119629,240
1702156076,254720,906.5968018,240
1702156094,255680,907.6531982,240
1702156111,256640,905.4092407,240
1702156130,257600,908.3997803,240
1702156148,258560,908.2018433,240
1702156165,259520,909.3004761,240
1702156183,260480,905.3366699,240
1702156201,261440,904.2330322,240
1702156219,262400,909.4268799,240
1702156237,263360,917.5805054,240
1702156255,264320,924.6924438,240
1702156273,265280,927.6749878,240
1702156292,266240,925.6156616,240
1702156309,267200,924.5901489,240
1702156327,268160,917.1668701,240
1702156345,269120,911.0342407,240
1702156363,270080,911.1002197,240
1702156381,271040,919.3058472,240
1702156399,272000,930.3902588,240
1702156417,272960,923.4459839,240
1702156434,273920,920.59729,240
1702156452,274880,922.7908325,240
1702156470,275840,923.7368164,240
1702156488,276800,923.6361084,240
1702156506,277760,920.7156982,240
1702156542,279680,918.4192505,240
1702156559,280640,921.3370361,240
1702156577,281600,916.307312,240
1702156595,282560,920.5119629,240
1702156613,283520,929.5737305,240
1702156631,284480,934.5751953,240
1702156649,285440,934.6235962,240
1702156667,286400,933.557251,240
1702156685,287360,934.3700562,240
1702156703,288320,930.2437134,240
1702156721,289280,932.1970825,240
1702156739,290240,941.3284302,240
1702156757,291200,943.364563,240
1702156792,293120,957.4658203,240
1702156810,294080,960.2780151,240
1702156828,295040,958.2254028,240
1702156846,296000,955.1010132,240
1702156865,296960,959.1716309,240
1702156882,297920,966.0792236,240
1702156900,298880,964.984436,240
1702156918,299840,969.0101318,240
1702156936,300800,974.0469971,240
1702156954,301760,973.8466187,240
1702156990,303680,995.1380005,240
1702157008,304640,997.2956543,240
1702157026,305600,1000.427551,240
1702157045,306560,999.3707275,240
1702157063,307520,993.1953735,240
1702157101,309440,991.9653931,240
1702157121,310400,994.9346313,240
1702157141,311360,989.038147,240
1702157161,312320,995.1360474,240
1702157179,313280,994.2253418,240
1702157198,314240,989.1485596,240
1702157235,316160,992.1234741,240
1702157272,318080,996.3779297,240
1702157292,319040,995.3895874,240
1702157312,320000,994.4819946,240
1702157351,321920,995.3493652,240
1702157369,322880,998.2628784,240
1702157388,323840,994.2310181,240
1702157425,325760,993.3730469,240
1702157444,326720,992.3728638,240
1702157466,327680,989.5038452,240
1702157487,328640,980.3422241,240
1702157506,329600,975.0846558,240
1702157526,330560,983.255249,240
1702157546,331520,984.253479,240
1702157565,332480,985.348999,240
1702157585,333440,986.5961304,240
1702157624,335360,980.458313,240
1702157644,336320,976.5469971,240
1702157664,337280,972.4423828,240
1702157703,339200,971.4802856,240
1702157743,341120,967.5337524,240
1702157763,342080,957.4761963,240
1702157783,343040,969.7268677,240
1702157802,344000,970.6828613,240
1702157821,344960,967.522644,240
1702157841,345920,967.5787964,240
1702157860,346880,971.8468628,240
1702157880,347840,975.8584595,240
1702157899,348800,978.8362427,240
1702157937,350720,972.8375854,240
1702157958,351680,974.8032227,240
1702157978,352640,973.6988525,240
1702157998,353600,979.9090576,240
1702158018,354560,973.7714233,240
1702158038,355520,974.9674683,240
1702158058,356480,976.9614258,240
1702158079,357440,981.9994507,240
1702158099,358400,989.045105,240
1702158119,359360,992.1500244,240
1702158139,360320,996.1276855,240
1702158159,361280,1001.193604,240
1702158179,362240,1001.050659,240
1702158200,363200,1004.085876,240
1702158220,364160,997.8483887,240
1702158240,365120,1001.910583,240
1702158261,366080,1006.858215,240
1702158281,367040,998.6016235,240
1702158301,368000,998.6468506,240
1702158321,368960,994.666626,240
1702158341,369920,998.6811523,240
1702158362,370880,999.5998535,240
1702158382,371840,990.4291992,240
1702158402,372800,987.4578247,240
1702158423,373760,985.4435425,240
1702158443,374720,986.5930786,240
1702158463,375680,982.5162354,240
1702158483,376640,986.7217407,240
1702158504,377600,981.4082642,240
1702158524,378560,985.4742432,240
1702158544,379520,980.2849121,240
1702158564,380480,973.1738892,240
1702158606,382400,967.1912842,240
1702158631,383360,962.8138428,240
1702158653,384320,962.7808838,240
1702158691,386240,970.8359375,240
1702158710,387200,975.8400269,240
1702158730,388160,980.0688477,240
1702158749,389120,976.9268188,240
1702158768,390080,981.1170654,240
1702158787,391040,984.1176758,240
1702158807,392000,978.9216919,240
1702158828,392960,988.1288452,240
1702158848,393920,988.1953735,240
1702158868,394880,984.1505737,240
1702158888,395840,996.4456787,240
1702158908,396800,1004.646973,240
1702158929,397760,1006.662781,240
1702158970,399680,1000.37854,240
1702158992,400640,1005.480042,240
1702159016,401600,1012.810364,240
1702159059,403520,1010.883606,240
1702159121,406400,1030.119263,240
1702159142,407360,1040.612671,240
1702159162,408320,1045.661255,240
1702159183,409280,1039.425293,240
1702159203,410240,1030.348145,240
1702159224,411200,1023.363464,240
1702159244,412160,1027.376831,240
1702159263,413120,1028.485352,240
1702159283,414080,1027.401489,240
1702159303,415040,1023.410278,240
1702159322,416000,1030.613037,240
1702159362,417920,1034.591797,240
1702159381,418880,1035.697021,240
1702159401,419840,1033.595947,240
1702159420,420800,1029.504883,240
1702159440,421760,1033.565796,240
1702159460,422720,1034.628296,240
1702159483,423680,1031.459351,240
1702159522,425600,1027.176025,240
1702159540,426560,1026.136597,240
1702159559,427520,1023.029663,240
1702159578,428480,1014.672852,240
1702159670,433280,986.3566284,240
1702159688,434240,994.5470581,240
1702159726,436160,990.4293213,240
1702159744,437120,989.3638916,240
1702159763,438080,987.3479614,240
1702159781,439040,989.4394531,240
1702159800,440000,989.4250488,240
1702159818,440960,991.4524536,240
1702159837,441920,985.3093262,240
1702159856,442880,984.2281494,240
1702159875,443840,984.3721313,240
1702159894,444800,988.3473511,240
1702159912,445760,986.2625732,240
1702159931,446720,989.3779907,240
1702159949,447680,1004.706421,240
1702159968,448640,998.6984863,240
1702159986,449600,999.6577759,240
1702160005,450560,1008.796814,240
1702160023,451520,1007.793884,240
1702160060,453440,1020.263672,240
1702160079,454400,1019.376465,240
1702160097,455360,1028.405518,240
1702160134,457280,1026.508789,240
1702160153,458240,1023.468506,240
1702160171,459200,1037.806396,240
1702160190,460160,1038.78479,240
1702160208,461120,1041.812134,240
1702160227,462080,1045.945435,240
1702160245,463040,1043.821655,240
1702160264,464000,1039.764404,240
1702160283,464960,1033.709106,240
1702160302,465920,1028.741211,240
1702160320,466880,1031.728149,240
1702160339,467840,1025.556519,240
1702160357,468800,1019.457458,240
1702160376,469760,1023.44281,240
1702160394,470720,1016.151306,240
1702160413,471680,1010.016541,240
1702160431,472640,1014.076416,240
1702160450,473600,1013.138,240
1702160468,474560,1013.050354,240
1702160487,475520,1016.09906,240
1702160524,477440,1011.678101,240
1702160542,478400,1020.658752,240
1702160560,479360,1017.621765,240
1702160579,480320,1017.50061,240
1702160597,481280,1021.535278,240
1702160616,482240,1025.549805,240
1702160634,483200,1020.479187,240
1702160653,484160,1020.484741,240
1702160674,485120,1022.583984,240
1702160694,486080,1023.457275,240
1702160714,487040,1028.534424,240
1702160734,488000,1032.645752,240
1702160753,488960,1033.523804,240
1702160772,489920,1030.297607,240
1702160815,491840,1037.324219,240
1702160849,492800,1039.364258,240
1702160876,493760,1040.444702,240
1702160902,494720,1050.666382,240
1702160928,495680,1045.610107,240
1702160953,496640,1047.571899,240
1702160979,497600,1048.518188,240
1702161004,498560,1043.465332,240
1702161032,499520,1042.480591,240
1702161059,500480,1048.66687,240
1702161086,501440,1049.602295,240
1702161112,502400,1044.621216,240
1702161139,503360,1050.680054,240
1702161171,504320,1053.68335,240
1702161208,505280,1052.589111,240
1702161240,506240,1053.528809,240
1702161308,508160,1053.360107,240
1702161342,509120,1051.190796,240
1702161373,510080,1052.196045,240
1702161406,511040,1051.201904,240
1702161440,512000,1042.060303,240
1702161479,512960,1045.16394,240
1702161552,514880,1052.141724,240
1702161625,516800,1050.066772,240
1702161710,518720,1037.838013,240
1702161754,519680,1044.935913,240
1702161796,520640,1039.887451,240
1702161838,521600,1041.942993,240
1702161880,522560,1045.964966,240
1702161923,523520,1047.888428,240
1702161966,524480,1047.914917,240
1702162008,525440,1050.072388,240
1702162050,526400,1051.06189,240
1702162135,528320,1044.01123,240
1702162173,529280,1046.108154,240
1702162205,530240,1046.122681,240
1702162247,531200,1053.253174,240
1702162338,533120,1052.434204,240
1702162375,534080,1047.434692,240
1702162410,535040,1046.480591,240
1702162486,536960,1058.478394,240
1702162520,537920,1062.739502,240
1702162553,538880,1066.748901,240
1702162590,539840,1065.80127,240
1702162632,540800,1062.795532,240
1702162675,541760,1069.896851,240
1702162718,542720,1070.900024,240
1702162759,543680,1072.792236,240
1702162804,544640,1069.561523,240
1702162847,545600,1069.479004,240
1702162888,546560,1070.536743,240
1702162932,547520,1079.777588,240
1702162974,548480,1077.599731,240
1702163020,549440,1077.487671,240
1702163068,550400,1084.707153,240
1702163099,551360,1081.637695,240
1702163187,554240,1080.468872,240
1702163216,555200,1071.290527,240
1702163246,556160,1074.219116,240
1702163279,557120,1075.206665,240
1702163313,558080,1082.209595,240
1702163340,559040,1087.16687,240
1702163368,560000,1081.025024,240
1702163397,560960,1086.267212,240
1702163428,561920,1084.067871,240
1702163455,562880,1083.007324,240
1702163483,563840,1085.880249,240
1702163511,564800,1079.652954,240
1702163539,565760,1072.501343,240
1702163565,566720,1071.45874,240
1702163609,568640,1073.616455,240
1702163631,569600,1079.731445,240
1702163652,570560,1078.618286,240
1702163671,571520,1067.352051,240
1702163691,572480,1072.585327,240
1702163711,573440,1072.675049,240
1702163730,574400,1063.414429,240
1702163750,575360,1069.635864,240
1702163771,576320,1068.536499,240
1702163790,577280,1065.541016,240
1702163810,578240,1061.480225,240
1702163830,579200,1058.417114,240
1702163849,580160,1059.591309,240
1702163869,581120,1050.483154,240
1702163889,582080,1048.494507,240
1702163909,583040,1043.522339,240
1702163929,584000,1045.668823,240
1702163949,584960,1039.417847,240
1702163968,585920,1037.362915,240
1702163988,586880,1036.379883,240
1702164007,587840,1038.534424,240
1702164027,588800,1049.696167,240
1702164066,590720,1055.921875,240
1702164106,592640,1059.161133,240
1702164167,595520,1061.196167,240
1702164188,596480,1057.006592,240
1702164212,597440,1057.018677,240
1702164238,598400,1057.946655,240
1702164261,599360,1052.805664,240
1702164284,600320,1046.591431,240
1702164307,601280,1059.818726,240
1702164331,602240,1063.967163,240
1702164352,603200,1071.008179,240
1702164374,604160,1070.837524,240
1702164397,605120,1081.911499,240
1702164419,606080,1078.842407,240
1702164441,607040,1083.816406,240
1702164464,608000,1079.638672,240
1702164512,609920,1081.624023,240
1702164534,610880,1083.79248,240
1702164555,611840,1078.736572,240
1702164576,612800,1075.885742,240
1702164599,613760,1078.911865,240
1702164622,614720,1077.949463,240
1702164643,615680,1074.904419,240
1702164664,616640,1070.68689,240
1702164686,617600,1068.698486,240
1702164708,618560,1066.646973,240
1702164731,619520,1062.657715,240
1702164755,620480,1069.762329,240
1702164777,621440,1067.680664,240
1702164819,623360,1066.780273,240
1702164840,624320,1074.142578,240
1702164861,625280,1067.044312,240
1702164886,626240,1070.037231,240
1702164909,627200,1068.984741,240
1702164951,629120,1063.962402,240
1702164972,630080,1071.078491,240
1702164993,631040,1065.075928,240
1702165013,632000,1068.206055,240
1702165034,632960,1072.285156,240
1702165055,633920,1076.460815,240
1702165076,634880,1078.506714,240
1702165098,635840,1077.462769,240
1702165120,636800,1077.340942,240
1702165143,637760,1079.366577,240
1702165165,638720,1080.361816,240
1702165187,639680,1078.394287,240
1702165210,640640,1086.567627,240
1702165232,641600,1093.576538,240
1702165279,643520,1099.665405,240
1702165301,644480,1091.694092,240
1702165324,645375,1077.825928,239.3500061
1702165346,646335,1086.93042,239.3500061
1702165368,647295,1087.845215,239.3500061
1702165393,648255,1087.809082,239.3500061
1702165418,649215,1087.865356,239.3500061
1702165443,650175,1084.882324,239.3500061
1702165467,651135,1087.134644,239.3500061
1702165517,653055,1096.403931,239.3500061
1702165543,654015,1098.441284,239.3500061
1702165593,655935,1101.307251,239.3500061
1702165617,656895,1105.370605,239.3500061
1702165643,657855,1106.441162,239.3500061
1702165668,658815,1103.297363,239.3500061
1702165693,659775,1109.463257,239.3500061
1702165716,660735,1108.460327,239.3500061
1702165739,661695,1106.426147,239.3500061
1702165761,662655,1103.306885,239.3500061
1702165788,663615,1101.219971,239.3500061
1702165817,664575,1098.200562,239.3500061
1702165839,665535,1093.280518,239.3500061
1702165860,666495,1092.381836,239.3500061
1702165881,667455,1090.349976,239.3500061
1702165901,668415,1094.339844,239.3500061
1702165922,669375,1105.268677,240
1702165962,671295,1100.317505,240
1702165983,672255,1096.177856,240
1702166003,673215,1097.146851,240
1702166026,674175,1094.946167,240
1702166048,675135,1095.905884,240
1702166070,676095,1097.897705,240
1702166092,677055,1096.848389,240
1702166113,678015,1093.906982,240
1702166135,678975,1094.043579,240
1702166157,679935,1093.081909,240
1702166179,680895,1082.923706,240
1702166201,681855,1083.872314,240
1702166222,682815,1085.042725,240
1702166244,683775,1087.126465,240
1702166266,684735,1090.046509,240
1702166288,685695,1084.029053,240
1702166310,686655,1083.020874,240
1702166333,687615,1083.039917,240
1702166355,688575,1085.997681,240
1702166376,689535,1086.968018,240
1702166400,690495,1086.960815,240
1702166422,691455,1086.88562,240
1702166444,692415,1089.868042,240
1702166488,694335,1096.038818,240
1702166510,695295,1094.022705,240
1702166532,696255,1097.098022,240
1702166553,697215,1101.078247,240
1702166575,698175,1103.236328,240
1702166598,699135,1106.381592,240
1702166621,700095,1101.264404,240
1702166645,701055,1098.16748,240
1702166696,702975,1095.930542,240
1702166731,703935,1098.949097,240
1702166753,704895,1109.092896,240
1702166777,705855,1105.071899,240
1702166799,706815,1101.9823,240
1702166821,707775,1096.795532,240
1702166843,708735,1100.886108,240
1702166865,709695,1110.87146,240
1702166889,710655,1115.039063,240
1702166914,711615,1112.983643,240
1702166939,712575,1118.146973,240
1702166961,713535,1116.109985,240
1702166982,714495,1120.141968,240
1702167004,715455,1123.074707,240
1702167026,716415,1117.055298,240
1702167047,717375,1120.08374,240
1702167068,718335,1122.055664,240
1702167089,719295,1117.926636,240
1702167110,720255,1120.994141,240
1702167132,721215,1123.089966,240
1702167154,722175,1125.131348,240
1702167175,723135,1120.918213,240
1702167197,724095,1119.935181,240
1702167218,725055,1125.099121,240
1702167239,726015,1128.19458,240
1702167260,726975,1132.28833,240
1702167282,727935,1128.154053,240
1702167304,728895,1124.139526,240
1702167326,729855,1125.106323,240
1702167349,730815,1127.176392,240
1702167393,732735,1131.217529,240
1702167415,733695,1130.29187,240
1702167460,735615,1135.16687,240
1702167482,736575,1127.000488,240
1702167505,737535,1132.046265,240
1702167529,738495,1132.068481,240
1702167573,740415,1126.094727,240
1702167596,741375,1118.955444,240
1702167617,742335,1119.88623,240
1702167639,743295,1124.034912,240
1702167665,744255,1124.041138,240
1702167691,745215,1120.112549,240
1702167711,746175,1121.115601,240
1702167732,747135,1120.051636,240
1702167772,749055,1125.033325,240
1702167791,750015,1122.028687,240
1702167811,750975,1119.01001,240
1702167831,751935,1122.111084,240
1702167851,752895,1118.996094,240
1702167890,754815,1128.068237,240
1702167910,755775,1131.059814,240
1702167930,756735,1129.161865,240
1702167951,757695,1126.119141,240
1702167972,758655,1123.174194,240
1702167993,759615,1125.284546,240
1702168014,760575,1128.311401,240
1702168056,762495,1128.3396,240
1702168077,763455,1128.353149,240
1702168098,764415,1128.346802,240
1702168119,765375,1138.434814,240
1702168140,766335,1141.5448,240
1702168162,767295,1144.576416,240
1702168183,768255,1144.573242,240
1702168205,769215,1147.539917,240
1702168227,770175,1141.4552,240
1702168249,771135,1142.563965,240
1702168271,772095,1135.346191,240
1702168292,773055,1137.546997,240
1702168314,774015,1133.398926,240
1702168335,774975,1137.331055,240
1702168357,775935,1133.232544,240
1702168380,776895,1134.307739,240
1702168402,777855,1129.269165,240
1702168424,778815,1131.348511,240
1702168447,779775,1136.494507,240
1702168472,780735,1135.275513,240
1702168493,781695,1135.181274,240
1702168517,782655,1141.227051,240
1702168541,783615,1146.277344,240
1702168566,784575,1143.351807,240
1702168593,785535,1145.328613,240
1702168622,786495,1138.072388,240
1702168660,787455,1140.996704,240
1702168684,788415,1140.92334,240
1702168706,789375,1133.89978,240
1702168727,790335,1127.819336,240
1702168749,791295,1129.865112,240
1702168773,792255,1126.668701,240
1702168796,793215,1119.535278,240
1702168819,794175,1125.584839,240
1702168841,795135,1131.63916,240
1702168862,796095,1132.726318,240
1702168884,797055,1135.717529,240
1702168906,798015,1144.91748,240
1702168927,798975,1138.98645,240
1702168948,799935,1140.045044,240
1702168970,800895,1141.997681,240
1702169014,802815,1139.950195,240
1702169035,803775,1130.764893,240
1702169057,804735,1132.904419,240
1702169077,805695,1124.763062,240
1702169121,807615,1121.809326,240
1702169143,808575,1123.832397,240
1702169165,809535,1128.942993,240
1702169186,810495,1134.229858,240
1702169207,811455,1142.487305,240
1702169229,812415,1144.609497,240
1702169250,813375,1146.623291,240
1702169272,814335,1150.635132,240
1702169294,815295,1151.623169,240
1702169338,817215,1161.823364,240
1702169360,818175,1160.795898,240
1702169381,819135,1153.634033,240
1702169402,820095,1152.628174,240
1702169423,821055,1142.468506,240
1702169444,822015,1138.279419,240
1702169487,823935,1140.115479,240
1702169508,824895,1135.08728,240
1702169529,825855,1135.024292,240
1702169571,827775,1131.975098,240
1702169592,828735,1126.89624,240
1702169612,829695,1131.947021,240
1702169633,830655,1127.86792,240
1702169654,831615,1123.713013,240
1702169696,833535,1119.585449,240
1702169716,834495,1118.5,240
1702169737,835455,1111.420532,240
1702169779,837375,1113.414429,240
1702169800,838335,1112.338745,240
1702169821,839295,1112.135864,240
1702169843,840255,1113.176636,240
1702169868,841215,1111.031006,240
1702169893,842175,1110.062866,240
1702169916,843135,1114.088867,240
1702169938,844095,1110.959595,240
1702169961,845055,1119.07959,240
1702169983,846015,1122.228516,240
1702170006,846975,1119.301025,240
1702170029,847935,1123.353149,240
1702170052,848895,1124.378784,240
1702170075,849855,1121.332275,240
1702170099,850815,1116.221436,240
1702170124,851775,1126.305786,240
1702170147,852735,1128.371216,240
1702170192,854655,1140.608032,240
1702170240,856575,1144.770508,240
1702170265,857535,1144.671997,240
1702170317,859455,1148.581177,240
1702170343,860415,1151.402344,240
1702170366,861375,1159.43396,240
1702170388,862335,1158.534546,240
1702170410,863295,1160.774414,240
1702170432,864255,1161.794067,240
1702170454,865215,1164.88855,240
1702170476,866175,1164.852051,240
1702170498,867135,1165.960815,240
1702170520,868095,1171.112427,240
1702170542,869055,1173.121704,240
1702170564,870015,1166.103394,240
1702170586,870975,1171.168457,240
1702170608,871935,1167.141724,240
1702170630,872895,1167.05957,240
1702170652,873855,1171.127319,240
1702170674,874815,1174.213257,240
1702170696,875775,1172.190063,240
1702170718,876735,1170.065552,240
1702170741,877695,1161.889648,240
1702170764,878655,1157.841187,240
1702170809,880575,1161.086548,240
1702170831,881535,1161.066406,240
1702170875,883455,1156.182983,240
1702170897,884415,1155.357422,240
1702170922,885375,1144.241089,240
1702170947,886335,1143.214478,240
1702170970,887295,1134.057251,240
1702170993,888255,1131.018799,240
1702171018,889215,1125.819336,240
1702171071,891135,1129.922729,240
1702171092,892095,1130.839844,240
1702171113,893055,1123.870728,240
1702171153,894975,1132.947266,240
1702171174,895935,1138.009766,240
1702171194,896895,1144.16333,240
1702171215,897855,1142.105103,240
1702171259,899775,1131.99707,240
1702171281,900735,1136.144897,240
1702171303,901695,1144.366211,240
1702171326,902655,1142.307129,240
1702171349,903615,1144.208862,240
1702171371,904575,1137.993774,240
1702171393,905535,1140.122559,240
1702171415,906495,1144.202393,240
1702171437,907455,1142.100952,240
1702171462,908415,1140.066162,240
1702171487,909375,1142.162598,240
1702171509,910335,1146.275513,240
1702171533,911295,1144.199829,240
1702171556,912255,1147.398438,240
1702171578,913215,1149.595947,240
1702171600,914175,1145.602051,240
1702171623,915135,1145.726074,240
1702171644,916095,1143.609009,240
1702171666,917055,1145.547363,240
1702171688,918015,1147.52124,240
1702171709,918975,1139.387451,240
1702171734,919935,1134.287354,240
1702171758,920895,1133.27832,240
1702171783,921855,1139.41394,240
1702171807,922815,1138.437256,240
1702171831,923775,1147.60376,240
1702171855,924735,1156.75293,240
1702171878,925695,1155.660522,240
1702171904,926655,1158.717163,240
1702171932,927615,1163.719727,240
1702171973,929535,1160.72876,240
1702171996,930495,1161.681152,240
1702172016,931455,1168.760132,240
1702172037,932415,1166.78833,240
1702172059,933375,1170.899414,240
1702172080,934335,1169.742065,240
1702172122,936255,1167.665405,240
1702172144,937215,1172.726318,240
1702172166,938175,1175.801758,240
1702172188,939135,1175.631104,240
1702172211,940095,1182.995605,240
1702172277,942975,1177.911499,240
1702172299,943935,1176.907837,240
1702172321,944895,1174.821289,240
1702172343,945855,1177.821533,240
1702172365,946815,1181.724609,240
1702172386,947775,1178.558105,240
1702172408,948735,1166.409912,240
1702172429,949695,1170.514282,240
1702172450,950655,1168.472778,240
1702172472,951615,1163.470215,240
1702172493,952575,1162.495361,240
1702172515,953535,1162.437622,240
1702172537,954495,1171.563354,240
1702172558,955455,1163.355957,240
1702172579,956415,1163.278076,240
1702172600,957375,1156.010864,240
1702172621,958335,1152.002686,240
1702172642,959295,1152.001221,240
1702172662,960255,1151.790039,240
1702172683,961215,1145.532349,240
1702172704,962175,1138.394287,240
1702172725,963135,1139.345581,240
1702172746,964095,1131.018188,240
1702172766,965055,1135.02832,240
1702172786,966015,1142.12207,240
1702172807,966975,1146.111938,240
1702172849,968895,1155.331543,240
1702172898,970815,1146.343018,240
1702172919,971775,1147.493164,240
1702172939,972735,1148.430298,240
1702172959,973695,1139.193726,240
1702172981,974655,1146.233398,240
1702173021,976575,1153.1875,240
1702173064,978495,1145.159302,240
1702173085,979455,1149.239624,240
1702173105,980415,1151.241455,240
1702173126,981375,1153.369873,240
1702173146,982335,1155.422241,240
1702173167,983295,1166.507568,240
1702173187,984255,1164.605225,240
1702173208,985215,1161.764526,240
1702173228,986175,1165.845825,240
1702173249,987135,1164.882202,240
1702173270,988095,1171.03833,240
1702173291,989055,1173.036743,240
1702173313,990015,1162.868896,240
1702173335,990975,1156.861572,240
1702173356,991935,1161.849243,240
1702173380,992895,1160.794067,240
1702173402,993855,1158.666504,240
1702173425,994815,1157.627686,240
1702173447,995775,1154.543335,240
1702173491,997695,1158.731689,240
1702173513,998655,1158.876343,240
1702173536,999615,1162.075317,240
